Reference Number,Grid Ref: Easting,Grid Ref: Northing,Number of Vehicles,Accident Date,Time (24hr),1st Road Class,Road Surface,Lighting Conditions,Weather Conditions,Type of Vehicle 1,Casualty Class 1,Casualty Severity 1,Sex of Casualty 1,Age of Casualty 1,Type of Vehicle 2,Casualty Class 2,Casualty Severity 2,Sex of Casualty 2,Age of Casualty 2,Type of Vehicle 3,Casualty Class 3,Casualty Severity 3,Sex of Casualty 3,Age of Casualty 3,Type of Vehicle 4,Casualty Class 4,Casualty Severity 4,Sex of Casualty 4,Age of Casualty 4
6140231,398364,418232,1,1/4/2019,7:01,A,Dry,Darkness: no street lighting,Fine without high winds,Car,Driver or rider,Serious,Male,19,NO DATA,NO DATA,NO DATA,NO DATA,NO DATA,NO DATA,NO DATA,NO DATA,NO DATA,NO DATA,NO DATA,NO DATA,NO DATA,NO DATA,NO DATA
6142035,407438,426457,1,1/4/2019,23:08,Unclassified,Dry,Darkness: street lights present and lit,Fine without high winds,Car,Driver or rider,Serious,Male,36,NO DATA,Vehicle or pillion passenger,Serious,Male,26,NO DATA,Vehicle or pillion passenger,Serious,Male,20,NO DATA,NO DATA,NO DATA,NO DATA,NO DATA
6170291,409015,425004,1,1/7/2019,8:38,Unclassified,Dry,Daylight: street lights present,Fine without high winds,Bus or coach (17 or more passenger seats),Pedestrian,Slight,Male,18,NO DATA,NO DATA,NO DATA,NO DATA,NO DATA,NO DATA,NO DATA,NO DATA,NO DATA,NO DATA,NO DATA,NO DATA,NO DATA,NO DATA,NO DATA
6180214,409646,422315,1,1/8/2019,7:05,A,Dry,Daylight: street lights present,Fine without high winds,Car,Driver or rider,Slight,Female,53,Car,not known,not known,not known,not known,NO DATA,NO DATA,NO DATA,NO DATA,NO DATA,NO DATA,NO DATA,NO DATA,NO DATA,NO DATA
6191021,407754,428825,1,1/9/2019,15:15,Unclassified,Dry,Daylight: street lights present,Fine without high winds,Car,Pedestrian,Slight,Male,23,NO DATA,NO DATA,NO DATA,NO DATA,NO DATA,NO DATA,NO DATA,NO DATA,NO DATA,NO DATA,NO DATA,NO DATA,NO DATA,NO DATA,NO DATA
61A0879,408793,425456,1,1/10/2019,14:24,Unclassified,Dry,Daylight: street lights present,Fine without high winds,Bus or coach (17 or more passenger seats),Vehicle or pillion passenger,Slight,Female,64,Car,Vehicle or pillion passenger,Slight,Female,42,NO DATA,NO DATA,NO DATA,NO DATA,NO DATA,NO DATA,NO DATA,NO DATA,NO DATA,NO DATA
61B0200,412455,425779,1,1/11/2019,5:5,Unclassified,Dry,Darkness: street lights present and lit,Fine without high winds,Car,Driver or rider,Serious,Male,47,Motorcycle over 50cc and up to 125cc,not known,not known,not known,not known,NO DATA,NO DATA,NO DATA,NO DATA,NO DATA,NO DATA,NO DATA,NO DATA,NO DATA,NO DATA
61B0239,411295,422179,1,1/11/2019,7,A,Dry,Darkness: street lights present and lit,Fine without high winds,Goods vehicle 3.5 tonnes mgw and under,Driver or rider,Slight,Male,51,Car,not known,not known,not known,not known,Car,not known,not known,not known,not known,Car,not known,not known,not known,not known
61B0317,414107,424986,1,1/11/2019,8:26,Unclassified,Dry,Daylight: street lights present,Fine without high winds,Car,Pedestrian,Slight,Male,11,NO DATA,NO DATA,NO DATA,NO DATA,NO DATA,NO DATA,NO DATA,NO DATA,NO DATA,NO DATA,NO DATA,NO DATA,NO DATA,NO DATA,NO DATA
61C0968,399298,428044,1,1/12/2019,14:45,Unclassified,Dry,Daylight: street lights present,Fine without high winds,Car,Vehicle or pillion passenger,Slight,Male,43,Car,not known,not known,not known,not known,NO DATA,NO DATA,NO DATA,NO DATA,NO DATA,NO DATA,NO DATA,NO DATA,NO DATA,NO DATA
61D1303,398423,414772,1,1/13/2019,17:35,Motorway,Wet / Damp,Darkness: street lights present and lit,Raining with high winds,Car,Vehicle or pillion passenger,Slight,Female,47,Car,not known,not known,not known,not known,Car,not known,not known,not known,not known,Car,not known,not known,not known,not known
61D1457,416483,422141,1,1/13/2019,19:05,Motorway,Wet / Damp,Darkness: street lights present and lit,Raining without high winds,Car,Driver or rider,Slight,Male,33,Car,not known,not known,not known,not known,NO DATA,NO DATA,NO DATA,NO DATA,NO DATA,NO DATA,NO DATA,NO DATA,NO DATA,NO DATA
61F1116,403161,416145,1,1/15/2019,15:3,Motorway,Dry,Daylight: street lights present,Fine without high winds,Car,Driver or rider,Slight,Male,17,NO DATA,NO DATA,NO DATA,NO DATA,NO DATA,NO DATA,NO DATA,NO DATA,NO DATA,NO DATA,NO DATA,NO DATA,NO DATA,NO DATA,NO DATA
61F1443,408010,426215,1,1/15/2019,18:07,Unclassified,Dry,Darkness: street lights present and lit,Fine without high winds,Car,Driver or rider,Slight,Male,40,Taxi/Private hire car,Vehicle or pillion passenger,Slight,Female,52,NO DATA,NO DATA,NO DATA,NO DATA,NO DATA,NO DATA,NO DATA,NO DATA,NO DATA,NO DATA
61G1372,401594,426001,1,1/1/2019,16:3,A,Dry,Darkness: street lights present and lit,Fine without high winds,Car,Pedestrian,Serious,Female,75,NO DATA,NO DATA,NO DATA,NO DATA,NO DATA,NO DATA,NO DATA,NO DATA,NO DATA,NO DATA,NO DATA,NO DATA,NO DATA,NO DATA,NO DATA
61K0563,408211,424474,1,1/20/2019,10:26,A,Dry,Daylight: street lights present,Fine without high winds,Car,Driver or rider,Slight,Female,20,Car,Vehicle or pillion passenger,Slight,Female,35,NO DATA,Driver or rider,Slight,Male,68,NO DATA,Vehicle or pillion passenger,Slight,Female,50
61K0615,408935,426594,1,1/20/2019,11,A,Dry,Daylight: street lights present,Fine without high winds,Car,Driver or rider,Slight,Male,64,Car,not known,not known,not known,not known,Car,not known,not known,not known,not known,NO DATA,NO DATA,NO DATA,NO DATA,NO DATA
61K0776,409148,425579,1,1/20/2019,2:3,A,Dry,Darkness: street lights present and lit,Fine without high winds,Taxi/Private hire car,Pedestrian,Slight,Female,28,NO DATA,NO DATA,NO DATA,NO DATA,NO DATA,NO DATA,NO DATA,NO DATA,NO DATA,NO DATA,NO DATA,NO DATA,NO DATA,NO DATA,NO DATA
61K1702,411426,420851,1,1/20/2019,21:25,B,Wet / Damp,Darkness: street lights present and lit,Raining without high winds,Car,Driver or rider,Serious,Male,28,Car,Vehicle or pillion passenger,Serious,Male,19,Goods vehicle 3.5 tonnes mgw and under,Driver or rider,Slight,Female,26,NO DATA,NO DATA,NO DATA,NO DATA,NO DATA
61L0705,411885,427790,1,1/21/2019,17:33,A,Wet / Damp,Darkness: street lights present and lit,Fine without high winds,Car,Driver or rider,Slight,Female,32,Car,not known,not known,not known,not known,NO DATA,NO DATA,NO DATA,NO DATA,NO DATA,NO DATA,NO DATA,NO DATA,NO DATA,NO DATA
61L1354,407978,424009,1,1/21/2019,17:57,Unclassified,Wet / Damp,Darkness: street lights present and lit,Raining with high winds,Car,Driver or rider,Serious,Male,25,Motorcycle over 50cc and up to 125cc,not known,not known,not known,not known,NO DATA,NO DATA,NO DATA,NO DATA,NO DATA,NO DATA,NO DATA,NO DATA,NO DATA,NO DATA
61N1476,406969,426086,1,1/23/2019,19:12,Unclassified,Frost / Ice,Darkness: street lights present and lit,Fine without high winds,Taxi/Private hire car,Vehicle or pillion passenger,Slight,Female,1,NO DATA,NO DATA,NO DATA,NO DATA,NO DATA,NO DATA,NO DATA,NO DATA,NO DATA,NO DATA,NO DATA,NO DATA,NO DATA,NO DATA,NO DATA
61O0426,403795,425035,1,1/24/2019,10:32,A,Wet / Damp,Daylight: street lights present,Fine without high winds,Goods vehicle over 3.5 tonnes and under 7.5 tonnes mgw,Driver or rider,Slight,Male,36,Goods vehicle 3.5 tonnes mgw and under,not known,not known,not known,not known,NO DATA,NO DATA,NO DATA,NO DATA,NO DATA,NO DATA,NO DATA,NO DATA,NO DATA,NO DATA
61P1120,409355,424954,1,1/25/2019,15:17,Unclassified,Wet / Damp,Daylight: street lights present,Raining without high winds,Car,Driver or rider,Slight,Male,78,Car,Driver or rider,Slight,Female,53,Car,not known,not known,not known,not known,Car,not known,not known,not known,not known
61Q1857,408957,424819,1,1/26/2019,22:05,Unclassified,Wet / Damp,Darkness: street lights present and lit,Raining without high winds,Car,Driver or rider,Slight,Female,33,Car,Vehicle or pillion passenger,Slight,Male,42,NO DATA,Vehicle or pillion passenger,Slight,Male,10,NO DATA,NO DATA,NO DATA,NO DATA,NO DATA
61S0883,404440,424170,1,1/28/2019,9,A,Wet / Damp,Daylight: street lights present,Fine without high winds,Car,Driver or rider,Slight,Male,49,Goods vehicle 3.5 tonnes mgw and under,not known,not known,not known,not known,Car,not known,not known,not known,not known,NO DATA,NO DATA,NO DATA,NO DATA,NO DATA
61S1100,415004,422855,1,1/21/2019,15,A,Dry,Daylight: street lights present,Fine without high winds,Car,Pedestrian,Slight,Male,79,NO DATA,NO DATA,NO DATA,NO DATA,NO DATA,NO DATA,NO DATA,NO DATA,NO DATA,NO DATA,NO DATA,NO DATA,NO DATA,NO DATA,NO DATA
61T0050,393942,424186,1,1/29/2019,1,A,Dry,Daylight: street lights present,Fine without high winds,Taxi/Private hire car,Driver or rider,Slight,Male,43,Taxi/Private hire car,Vehicle or pillion passenger,Serious,Male,24,NO DATA,NO DATA,NO DATA,NO DATA,NO DATA,NO DATA,NO DATA,NO DATA,NO DATA,NO DATA
6210481,409292,425056,1,1/17/2019,18,Unclassified,Dry,Darkness: street lights present and lit,Fine without high winds,Car,Vehicle or pillion passenger,Serious,Male,40,Bus or coach (17 or more passenger seats),not known,not known,not known,not known,NO DATA,NO DATA,NO DATA,NO DATA,NO DATA,NO DATA,NO DATA,NO DATA,NO DATA,NO DATA
6211089,407576,425892,1,2/1/2019,14:5,Unclassified,Dry,Daylight: street lights present,Fine without high winds,Car,Driver or rider,Slight,Female,47,Car,not known,not known,not known,not known,NO DATA,NO DATA,NO DATA,NO DATA,NO DATA,NO DATA,NO DATA,NO DATA,NO DATA,NO DATA
6211721,406898,426365,1,2/1/2019,20:11,Unclassified,Wet / Damp,Darkness: street lights present and lit,Fine without high winds,Car,Driver or rider,Slight,Male,18,Car,not known,not known,not known,not known,NO DATA,NO DATA,NO DATA,NO DATA,NO DATA,NO DATA,NO DATA,NO DATA,NO DATA,NO DATA
6250208,407617,424288,1,2/5/2019,5:4,Unclassified,Wet / Damp,Darkness: street lights present and lit,Fog or mist â€“ if hazard,Taxi/Private hire car,Pedestrian,Slight,Male,38,NO DATA,NO DATA,NO DATA,NO DATA,NO DATA,NO DATA,NO DATA,NO DATA,NO DATA,NO DATA,NO DATA,NO DATA,NO DATA,NO DATA,NO DATA
6261810,407214,425140,1,2/6/2019,20:31,Unclassified,Dry,Darkness: street lighting unknown,Fine without high winds,Car,Vehicle or pillion passenger,Slight,Female,26,Car,not known,not known,not known,not known,NO DATA,NO DATA,NO DATA,NO DATA,NO DATA,NO DATA,NO DATA,NO DATA,NO DATA,NO DATA
6290966,408010,426215,1,2/9/2019,12:25,Unclassified,Wet / Damp,Daylight: street lights present,Raining without high winds,Car,Driver or rider,Slight,Female,35,Car,Vehicle or pillion passenger,Slight,Male,6,NO DATA,NO DATA,NO DATA,NO DATA,NO DATA,NO DATA,NO DATA,NO DATA,NO DATA,NO DATA
62A1096,392916,425011,1,2/10/2019,16:05,A,Dry,Daylight: street lights present,Fine without high winds,Car,Pedestrian,Serious,Female,74,NO DATA,NO DATA,NO DATA,NO DATA,NO DATA,NO DATA,NO DATA,NO DATA,NO DATA,NO DATA,NO DATA,NO DATA,NO DATA,NO DATA,NO DATA
62B1233,407116,428622,1,2/11/2019,15:1,Unclassified,Dry,Daylight: street lights present,Fine without high winds,Goods vehicle over 3.5 tonnes and under 7.5 tonnes mgw,Pedestrian,Slight,Female,32,NO DATA,Pedestrian,Serious,Female,9,NO DATA,NO DATA,NO DATA,NO DATA,NO DATA,NO DATA,NO DATA,NO DATA,NO DATA,NO DATA
62D0888,415278,422942,1,2/13/2019,13:53,A,Dry,Daylight: street lights present,Fine without high winds,Car,Vehicle or pillion passenger,Slight,Female,41,Car,not known,not known,not known,not known,NO DATA,NO DATA,NO DATA,NO DATA,NO DATA,NO DATA,NO DATA,NO DATA,NO DATA,NO DATA
62D2076,407820,424186,1,2/13/2019,22:52,A,Wet / Damp,Darkness: street lights present and lit,Fine without high winds,Motorcycle - Unknown CC,Driver or rider,Serious,Female,29,Car,Vehicle or pillion passenger,Serious,Female,25,NO DATA,Vehicle or pillion passenger,Serious,Female,17,NO DATA,NO DATA,NO DATA,NO DATA,NO DATA
62G0718,410849,420601,1,2/16/2019,11:29,Unclassified,Dry,Daylight: street lights present,Fine without high winds,Car,Vehicle or pillion passenger,Slight,Female,63,Car,not known,not known,not known,not known,NO DATA,NO DATA,NO DATA,NO DATA,NO DATA,NO DATA,NO DATA,NO DATA,NO DATA,NO DATA
62I0672,412443,426534,1,2/18/2019,14:15,Unclassified,Dry,Daylight: street lights present,Fine without high winds,Agricultural vehicle (includes diggers etc.),Pedestrian,Slight,Male,86,NO DATA,NO DATA,NO DATA,NO DATA,NO DATA,NO DATA,NO DATA,NO DATA,NO DATA,NO DATA,NO DATA,NO DATA,NO DATA,NO DATA,NO DATA
62J1410,409592,424836,1,2/19/2019,18:35,Unclassified,Dry,Darkness: street lights present and lit,Fine without high winds,Car,Driver or rider,Serious,Male,57,Car,not known,not known,not known,not known,NO DATA,NO DATA,NO DATA,NO DATA,NO DATA,NO DATA,NO DATA,NO DATA,NO DATA,NO DATA
62L0952,411501,419651,1,2/21/2019,14,Motorway,Dry,Daylight: street lights present,Fine without high winds,Goods vehicle 7.5 tonnes mgw and over,Driver or rider,Slight,Female,49,Car,not known,not known,not known,not known,NO DATA,NO DATA,NO DATA,NO DATA,NO DATA,NO DATA,NO DATA,NO DATA,NO DATA,NO DATA
62M0769,415404,422502,1,2/22/2019,12:3,Unclassified,Dry,Daylight: street lights present,Fine without high winds,Car,Pedestrian,Slight,Male,17,NO DATA,NO DATA,NO DATA,NO DATA,NO DATA,NO DATA,NO DATA,NO DATA,NO DATA,NO DATA,NO DATA,NO DATA,NO DATA,NO DATA,NO DATA
62M1225,412749,428958,1,2/22/2019,16:5,A,Dry,Daylight: street lights present,Fine without high winds,Car,Driver or rider,Slight,Male,19,Car,Driver or rider,Slight,Male,42,Car,Driver or rider,Slight,Male,72,Car,Vehicle or pillion passenger,Slight,Female,66
62M1698,398835,427224,1,2/22/2019,17:55,Unclassified,Dry,Darkness: street lights present and lit,Fine without high winds,Car,Driver or rider,Slight,Male,15,Pedal cycle,not known,not known,not known,not known,NO DATA,NO DATA,NO DATA,NO DATA,NO DATA,NO DATA,NO DATA,NO DATA,NO DATA,NO DATA
62O0181,397664,426659,1,2/24/2019,1:51,A,Dry,Darkness: street lights present and lit,Fine without high winds,Goods vehicle 3.5 tonnes mgw and under,Driver or rider,Serious,Male,45,NO DATA,NO DATA,NO DATA,NO DATA,NO DATA,NO DATA,NO DATA,NO DATA,NO DATA,NO DATA,NO DATA,NO DATA,NO DATA,NO DATA,NO DATA
62O0501,408130,427347,1,2/24/2019,8:1,A,Dry,Daylight: street lights present,Fine without high winds,Car,Driver or rider,Serious,Male,47,Pedal cycle,not known,not known,not known,not known,NO DATA,NO DATA,NO DATA,NO DATA,NO DATA,NO DATA,NO DATA,NO DATA,NO DATA,NO DATA
62P0207,411040,420842,1,2/25/2019,5:59,A,Dry,Daylight: street lights present,Fine without high winds,Car,Driver or rider,Slight,Female,57,Bus or coach (17 or more passenger seats),not known,not known,not known,not known,NO DATA,NO DATA,NO DATA,NO DATA,NO DATA,NO DATA,NO DATA,NO DATA,NO DATA,NO DATA
62Q1437,410076,421622,1,3/1/2019,5:5,A,Dry,Darkness: street lights present and lit,Fine without high winds,Car,Driver or rider,Slight,Male,27,Car,not known,not known,not known,not known,NO DATA,NO DATA,NO DATA,NO DATA,NO DATA,NO DATA,NO DATA,NO DATA,NO DATA,NO DATA
6340638,404418,420701,1,3/4/2019,11:48,A,Dry,Daylight: street lights present,Fine without high winds,Car,Driver or rider,Slight,Female,62,Car,not known,not known,not known,not known,NO DATA,NO DATA,NO DATA,NO DATA,NO DATA,NO DATA,NO DATA,NO DATA,NO DATA,NO DATA
6340804,408391,426520,1,3/4/2019,13:05,Unclassified,Dry,Daylight: street lights present,Fine without high winds,Car,Driver or rider,Slight,Female,46,Taxi/Private hire car,Driver or rider,Slight,Male,56,Car,Driver or rider,Slight,Female,53,NO DATA,Vehicle or pillion passenger,Slight,Female,26
6370337,412689,421428,1,3/7/2019,8:5,Unclassified,Wet / Damp,Daylight: street lights present,Fine with high winds,Car,Pedestrian,Slight,Female,47,NO DATA,NO DATA,NO DATA,NO DATA,NO DATA,NO DATA,NO DATA,NO DATA,NO DATA,NO DATA,NO DATA,NO DATA,NO DATA,NO DATA,NO DATA
63A1016,391942,425655,1,3/10/2019,15,A,Wet / Damp,Daylight: street lights present,Raining without high winds,Car,Vehicle or pillion passenger,Slight,Female,61,Car,not known,not known,not known,not known,NO DATA,NO DATA,NO DATA,NO DATA,NO DATA,NO DATA,NO DATA,NO DATA,NO DATA,NO DATA
63C0554,402564,416005,1,3/12/2019,11:27,Motorway,Wet / Damp,Daylight: street lights present,Raining with high winds,Car,Driver or rider,Slight,Male,61,Car,not known,not known,not known,not known,NO DATA,NO DATA,NO DATA,NO DATA,NO DATA,NO DATA,NO DATA,NO DATA,NO DATA,NO DATA
63D0351,409115,425084,1,3/13/2019,8:45,A,Dry,Daylight: street lights present,Fine without high winds,Car,Pedestrian,Serious,Female,17,NO DATA,NO DATA,NO DATA,NO DATA,NO DATA,NO DATA,NO DATA,NO DATA,NO DATA,NO DATA,NO DATA,NO DATA,NO DATA,NO DATA,NO DATA
63D1372,407448,425221,1,3/13/2019,17:3,Unclassified,Wet / Damp,Daylight: street lights present,Raining without high winds,Car,Driver or rider,Slight,Male,5,Pedal cycle,not known,not known,not known,not known,NO DATA,NO DATA,NO DATA,NO DATA,NO DATA,NO DATA,NO DATA,NO DATA,NO DATA,NO DATA
63D1851,406036,423432,1,3/13/2019,21,Unclassified,Wet / Damp,Darkness: street lights present and lit,Raining without high winds,Car,Pedestrian,Serious,Male,47,NO DATA,NO DATA,NO DATA,NO DATA,NO DATA,NO DATA,NO DATA,NO DATA,NO DATA,NO DATA,NO DATA,NO DATA,NO DATA,NO DATA,NO DATA
63G1401,407400,425927,1,3/16/2019,17:15,Unclassified,Dry,Daylight: street lights present,Fine without high winds,Car,Driver or rider,Slight,Female,35,Car,not known,not known,not known,not known,NO DATA,NO DATA,NO DATA,NO DATA,NO DATA,NO DATA,NO DATA,NO DATA,NO DATA,NO DATA
63H0768,407948,424599,1,3/17/2019,12:49,Unclassified,Dry,Daylight: street lights present,Fine without high winds,Car,Driver or rider,Slight,Male,19,Car,not known,not known,not known,not known,NO DATA,NO DATA,NO DATA,NO DATA,NO DATA,NO DATA,NO DATA,NO DATA,NO DATA,NO DATA
63H1032,408666,424775,1,3/17/2019,15:01,A,Dry,Daylight: street lights present,Fine without high winds,Car,Vehicle or pillion passenger,Slight,Female,43,Car,Vehicle or pillion passenger,Slight,Female,11,NO DATA,NO DATA,NO DATA,NO DATA,NO DATA,NO DATA,NO DATA,NO DATA,NO DATA,NO DATA
63K0899,416439,422239,1,3/20/2019,13:4,Motorway,Dry,Daylight: street lights present,Fine without high winds,Goods vehicle 7.5 tonnes mgw and over,Driver or rider,Slight,Male,53,NO DATA,NO DATA,NO DATA,NO DATA,NO DATA,NO DATA,NO DATA,NO DATA,NO DATA,NO DATA,NO DATA,NO DATA,NO DATA,NO DATA,NO DATA
63K1349,409786,425725,1,3/20/2019,16:45,A,Dry,Daylight: street lights present,Fine without high winds,Car,Driver or rider,Slight,Male,54,Motorcycle over 500cc,not known,not known,not known,not known,NO DATA,NO DATA,NO DATA,NO DATA,NO DATA,NO DATA,NO DATA,NO DATA,NO DATA,NO DATA
63Q1077,399968,415544,1,3/26/2019,15:4,A,Dry,Daylight: street lights present,Fine without high winds,Car,Driver or rider,Slight,Male,37,Car,Driver or rider,Slight,Male,33,Car,not known,not known,not known,not known,NO DATA,NO DATA,NO DATA,NO DATA,NO DATA
63Q1404,411194,423687,1,3/26/2019,18:03,Unclassified,Dry,Daylight: street lights present,Fine without high winds,Car,Vehicle or pillion passenger,Slight,Male,8,Car,not known,not known,not known,not known,Car,not known,not known,not known,not known,NO DATA,NO DATA,NO DATA,NO DATA,NO DATA
63R0449,407339,426746,1,3/27/2019,10:15,Unclassified,Dry,Daylight: street lights present,Fine without high winds,Car,Driver or rider,Serious,Female,69,Car,not known,not known,not known,not known,NO DATA,NO DATA,NO DATA,NO DATA,NO DATA,NO DATA,NO DATA,NO DATA,NO DATA,NO DATA
63U1733,399245,427428,1,3/30/2019,19,Unclassified,Dry,Darkness: street lights present and lit,Fine without high winds,Car,Pedestrian,Slight,Male,47,Car,not known,not known,not known,not known,NO DATA,NO DATA,NO DATA,NO DATA,NO DATA,NO DATA,NO DATA,NO DATA,NO DATA,NO DATA
6471771,416515,422194,1,4/7/2019,13:2,Motorway,Dry,Daylight: street lights present,Fine without high winds,Car,Driver or rider,Slight,Male,29,Car,not known,not known,not known,not known,NO DATA,NO DATA,NO DATA,NO DATA,NO DATA,NO DATA,NO DATA,NO DATA,NO DATA,NO DATA
6490382,409403,425836,1,4/9/2019,9:27,A,Dry,Daylight: street lights present,Fine without high winds,Car,Driver or rider,Slight,Male,33,NO DATA,NO DATA,NO DATA,NO DATA,NO DATA,NO DATA,NO DATA,NO DATA,NO DATA,NO DATA,NO DATA,NO DATA,NO DATA,NO DATA,NO DATA
64B0209,408203,424459,1,4/11/2019,5:25,A,Dry,Daylight: street lights present,Fine without high winds,Car,Pedestrian,Slight,Male,63,NO DATA,NO DATA,NO DATA,NO DATA,NO DATA,NO DATA,NO DATA,NO DATA,NO DATA,NO DATA,NO DATA,NO DATA,NO DATA,NO DATA,NO DATA
64B0422,414021,421609,1,4/10/2019,18:25,Unclassified,Dry,Daylight: street lights present,Fine without high winds,Car,Driver or rider,Slight,Male,38,Pedal cycle,not known,not known,not known,not known,NO DATA,NO DATA,NO DATA,NO DATA,NO DATA,NO DATA,NO DATA,NO DATA,NO DATA,NO DATA
64B1203,416384,422224,1,4/11/2019,16:4,A,Dry,Daylight: street lights present,Fine without high winds,Goods vehicle 7.5 tonnes mgw and over,Driver or rider,Serious,Male,60,Pedal cycle,not known,not known,not known,not known,NO DATA,NO DATA,NO DATA,NO DATA,NO DATA,NO DATA,NO DATA,NO DATA,NO DATA,NO DATA
64D0970,409364,424113,1,4/13/2019,14,Unclassified,Dry,Daylight: street lights present,Fine without high winds,Car,Pedestrian,Serious,Female,9,NO DATA,NO DATA,NO DATA,NO DATA,NO DATA,NO DATA,NO DATA,NO DATA,NO DATA,NO DATA,NO DATA,NO DATA,NO DATA,NO DATA,NO DATA
64F0540,406928,425439,1,4/15/2019,11:3,Unclassified,Dry,Daylight: street lights present,Fine without high winds,Car,Driver or rider,Slight,Female,53,Vehicle or pillion passenger,Slight,Female,8,NO DATA,NO DATA,NO DATA,NO DATA,NO DATA,NO DATA,NO DATA,NO DATA,NO DATA,NO DATA,NO DATA
64F0673,393369,423821,1,4/15/2019,12:19,A,Dry,Daylight: street lights present,Fine without high winds,Goods vehicle over 3.5 tonnes and under 7.5 tonnes mgw,Driver or rider,Slight,Male,82,Car,Vehicle or pillion passenger,Slight,Female,33,Goods vehicle 3.5 tonnes mgw and under,Driver or rider,Slight,Male,53,NO DATA,Vehicle or pillion passenger,Slight,Female,40
64G1125,404077,425554,1,4/15/2019,12,Unclassified,Dry,Daylight: street lights present,Fine without high winds,Pedal cycle,Driver or rider,Slight,Male,6,Car,not known,not known,not known,not known,NO DATA,NO DATA,NO DATA,NO DATA,NO DATA,NO DATA,NO DATA,NO DATA,NO DATA,NO DATA
64I0344,404780,424113,1,4/18/2019,8:5,A,Dry,Daylight: street lights present,Fine without high winds,Car,Driver or rider,Serious,Male,48,Motorcycle over 50cc and up to 125cc,not known,not known,not known,not known,NO DATA,NO DATA,NO DATA,NO DATA,NO DATA,NO DATA,NO DATA,NO DATA,NO DATA,NO DATA
64I0844,414715,423065,1,4/18/2019,11:15,A,Dry,Daylight: street lights present,Fine without high winds,Car,Driver or rider,Slight,Male,79,Car,not known,not known,not known,not known,NO DATA,NO DATA,NO DATA,NO DATA,NO DATA,NO DATA,NO DATA,NO DATA,NO DATA,NO DATA
64I1086,412461,425459,1,4/20/2019,15:25,A,Dry,Daylight: street lights present,Fine without high winds,Car,Pedestrian,Slight,Female,44,NO DATA,NO DATA,NO DATA,NO DATA,NO DATA,NO DATA,NO DATA,NO DATA,NO DATA,NO DATA,NO DATA,NO DATA,NO DATA,NO DATA,NO DATA
64I1853,393458,421996,1,4/18/2019,20:4,A,Dry,Darkness: street lights present and lit,Fine without high winds,Goods vehicle 3.5 tonnes mgw and under,Driver or rider,Slight,Female,49,Car,not known,not known,not known,not known,NO DATA,NO DATA,NO DATA,NO DATA,NO DATA,NO DATA,NO DATA,NO DATA,NO DATA,NO DATA
64J1224,407563,426000,1,4/19/2019,17:05,Unclassified,Dry,Daylight: street lights present,Fine without high winds,Car,Driver or rider,Slight,Male,41,Car,not known,not known,not known,not known,NO DATA,NO DATA,NO DATA,NO DATA,NO DATA,NO DATA,NO DATA,NO DATA,NO DATA,NO DATA
64K0399,414798,425037,1,4/20/2019,7,Unclassified,Dry,Daylight: street lights present,Fine without high winds,Motorcycle over 500cc,Driver or rider,Slight,Male,31,Car,not known,not known,not known,not known,NO DATA,NO DATA,NO DATA,NO DATA,NO DATA,NO DATA,NO DATA,NO DATA,NO DATA,NO DATA
64K1571,406205,423679,2,4/20/2019,18:3,A,Dry,Daylight: street lights present,Fine without high winds,Car,Pedestrian,Slight,Male,20,NO DATA,NO DATA,NO DATA,NO DATA,NO DATA,NO DATA,NO DATA,NO DATA,NO DATA,NO DATA,NO DATA,NO DATA,NO DATA,NO DATA,NO DATA
64K2079,409452,424588,2,4/20/2019,22:23,Unclassified,Dry,Darkness: street lights present and lit,Fine without high winds,Pedal cycle,Driver or rider,Slight,Male,24,Goods vehicle 3.5 tonnes mgw and under,not known,not known,not known,not known,NO DATA,NO DATA,NO DATA,NO DATA,NO DATA,NO DATA,NO DATA,NO DATA,NO DATA,NO DATA
64L1051,406597,424826,2,4/21/2019,14:5,A,Dry,Daylight: street lights present,Fine without high winds,Car,Driver or rider,Slight,Male,19,Car,Driver or rider,Slight,Male,70,NO DATA,Vehicle or pillion passenger,Slight,Female,42,NO DATA,Vehicle or pillion passenger,Slight,Female,11
64S1800,409039,425718,2,4/28/2019,21:33,Unclassified,Dry,Darkness: street lights present and lit,Fine without high winds,Car,Vehicle or pillion passenger,Slight,Female,18,Car,not known,not known,not known,not known,Car,not known,not known,not known,not known,NO DATA,NO DATA,NO DATA,NO DATA,NO DATA
64U0698,414925,422911,2,4/30/2019,12:41,A,Dry,Daylight: street lights present,Fine without high winds,Car,Driver or rider,Slight,Female,32,Car,not known,not known,not known,not known,NO DATA,NO DATA,NO DATA,NO DATA,NO DATA,NO DATA,NO DATA,NO DATA,NO DATA,NO DATA
6510616,408449,419718,2,4/30/2019,19:1,Unclassified,Dry,Daylight: street lights present,Fine without high winds,Car,Driver or rider,Serious,Male,44,Pedal cycle,not known,not known,not known,not known,NO DATA,NO DATA,NO DATA,NO DATA,NO DATA,NO DATA,NO DATA,NO DATA,NO DATA,NO DATA
6521874,399335,427278,2,5/2/2019,21:29,Unclassified,Wet / Damp,Darkness: street lights present and lit,Raining without high winds,Car,Pedestrian,Serious,Female,41,NO DATA,NO DATA,NO DATA,NO DATA,NO DATA,NO DATA,NO DATA,NO DATA,NO DATA,NO DATA,NO DATA,NO DATA,NO DATA,NO DATA,NO DATA
6531035,408531,425592,2,5/3/2019,16:07,Unclassified,Dry,Daylight: street lights present,Fine without high winds,Car,Vehicle or pillion passenger,Slight,Female,14,Car,not known,not known,not known,not known,NO DATA,NO DATA,NO DATA,NO DATA,NO DATA,NO DATA,NO DATA,NO DATA,NO DATA,NO DATA
6541044,406583,423816,2,5/4/2019,14:58,A,Dry,Daylight: street lights present,Fine without high winds,Car,Driver or rider,Slight,Male,29,Motorcycle over 50cc and up to 125cc,not known,not known,not known,not known,NO DATA,NO DATA,NO DATA,NO DATA,NO DATA,NO DATA,NO DATA,NO DATA,NO DATA,NO DATA
6561366,416387,422222,2,5/6/2019,18:23,A,Wet / Damp,Daylight: street lights present,Raining without high winds,Car,Driver or rider,Slight,Male,22,Car,not known,not known,not known,not known,NO DATA,NO DATA,NO DATA,NO DATA,NO DATA,NO DATA,NO DATA,NO DATA,NO DATA,NO DATA
6570627,407715,421358,2,5/7/2019,12:08,Unclassified,Dry,Daylight: street lights present,Fine without high winds,Car,Driver or rider,Slight,Male,75,Car,Vehicle or pillion passenger,Slight,Female,75,Car,Vehicle or pillion passenger,Slight,Female,40,NO DATA,NO DATA,NO DATA,NO DATA,NO DATA
65A1154,405764,423328,2,5/10/2019,16:14,A,Dry,Daylight: street lights present,Fine without high winds,Car,Driver or rider,Slight,Female,46,Car,Driver or rider,Slight,Male,27,NO DATA,NO DATA,NO DATA,NO DATA,NO DATA,NO DATA,NO DATA,NO DATA,NO DATA,NO DATA
65B1266,401304,426023,2,5/11/2019,17:25,A,Dry,Daylight: street lights present,Fine without high winds,Car,Driver or rider,Serious,Male,18,Motorcycle over 50cc and up to 125cc,not known,not known,not known,not known,NO DATA,NO DATA,NO DATA,NO DATA,NO DATA,NO DATA,NO DATA,NO DATA,NO DATA,NO DATA
65C0724,410120,425821,2,5/12/2019,12:25,Unclassified,Dry,Daylight: street lights present,Fine without high winds,Car,Driver or rider,Slight,Female,69,NO DATA,Vehicle or pillion passenger,Slight,Male,70,NO DATA,NO DATA,NO DATA,NO DATA,NO DATA,NO DATA,NO DATA,NO DATA,NO DATA,NO DATA
65D0271,407218,424283,2,5/13/2019,7:25,A,Dry,Daylight: street lights present,Fine without high winds,Motorcycle over 500cc,Driver or rider,Slight,Male,25,Goods vehicle 3.5 tonnes mgw and under,not known,not known,not known,not known,NO DATA,NO DATA,NO DATA,NO DATA,NO DATA,NO DATA,NO DATA,NO DATA,NO DATA,NO DATA
65D0282,402712,415938,2,5/13/2019,7:4,Motorway,Dry,Daylight: street lights present,Fine without high winds,Other Vehicle ,Vehicle or pillion passenger,Fatal,Male,31,Goods vehicle 7.5 tonnes mgw and over,Driver or rider,Serious,Female,22,NO DATA,NO DATA,NO DATA,NO DATA,NO DATA,NO DATA,NO DATA,NO DATA,NO DATA,NO DATA
65E1534,401179,426064,2,5/14/2019,17:38,A,Dry,Daylight: street lights present,Fine without high winds,Pedal cycle,Driver or rider,Slight,Male,19,Car,not known,not known,not known,not known,NO DATA,NO DATA,NO DATA,NO DATA,NO DATA,NO DATA,NO DATA,NO DATA,NO DATA,NO DATA
65E1555,416987,423640,2,5/14/2019,17:45,Motorway,Dry,Daylight: street lights present,Fine without high winds,Goods vehicle 3.5 tonnes mgw and under,Driver or rider,Slight,Male,27,Car,not known,not known,not known,not known,Car,not known,not known,not known,not known,NO DATA,NO DATA,NO DATA,NO DATA,NO DATA
65F0488,412900,425623,2,5/15/2019,10:3,Unclassified,Dry,Daylight: street lights present,Fine without high winds,Car,Driver or rider,Slight,Male,60,Car,not known,not known,not known,not known,NO DATA,NO DATA,NO DATA,NO DATA,NO DATA,NO DATA,NO DATA,NO DATA,NO DATA,NO DATA
65H0317,400139,423311,2,5/17/2019,21:05,B,Dry,Daylight: street lights present,Fine without high winds,Motorcycle over 125cc and up to 500cc,Driver or rider,Slight,Male,33,Pedal cycle,not known,not known,not known,not known,NO DATA,NO DATA,NO DATA,NO DATA,NO DATA,NO DATA,NO DATA,NO DATA,NO DATA,NO DATA
65H1176,408723,424487,2,5/17/2019,15:5,Unclassified,Dry,Daylight: street lights present,Fine without high winds,Motorcycle over 50cc and up to 125cc,Driver or rider,Serious,Male,22,Car,Driver or rider,Slight,Female,45,NO DATA,NO DATA,NO DATA,NO DATA,NO DATA,NO DATA,NO DATA,NO DATA,NO DATA,NO DATA
65L1405,408335,424976,2,5/21/2019,17:4,Unclassified,Dry,Daylight: street lights present,Fine without high winds,Car,Driver or rider,Serious,Male,14,Pedal cycle,not known,not known,not known,not known,NO DATA,NO DATA,NO DATA,NO DATA,NO DATA,NO DATA,NO DATA,NO DATA,NO DATA,NO DATA
65M0852,407592,424974,2,5/29/2019,22:45,Unclassified,Dry,Darkness: street lights present and lit,Fine without high winds,Car,Driver or rider,Serious,Male,16,Pedal cycle,not known,not known,not known,not known,NO DATA,NO DATA,NO DATA,NO DATA,NO DATA,NO DATA,NO DATA,NO DATA,NO DATA,NO DATA
65N1203,400689,415324,2,5/23/2019,16:14,Motorway,Dry,Daylight: street lights present,Fine without high winds,Car,Vehicle or pillion passenger,Slight,Female,56,Car,not known,not known,not known,not known,Car,not known,not known,not known,not known,NO DATA,NO DATA,NO DATA,NO DATA,NO DATA
65N1361,409755,422877,2,5/23/2019,16,A,Dry,Daylight: street lights present,Fine without high winds,Car,Driver or rider,Slight,Female,29,Car,not known,not known,not known,not known,NO DATA,NO DATA,NO DATA,NO DATA,NO DATA,NO DATA,NO DATA,NO DATA,NO DATA,NO DATA
65N1765,414157,423882,2,5/23/2019,19:52,Unclassified,Dry,Daylight: street lights present,Fine without high winds,Pedal cycle,Driver or rider,Slight,Male,21,Car,not known,not known,not known,not known,NO DATA,NO DATA,NO DATA,NO DATA,NO DATA,NO DATA,NO DATA,NO DATA,NO DATA,NO DATA
65P0654,393739,424150,2,5/25/2019,11:09,A,Dry,Daylight: street lights present,Fine without high winds,Car,Driver or rider,Slight,Male,85,Motorcycle over 500cc,not known,not known,not known,not known,NO DATA,NO DATA,NO DATA,NO DATA,NO DATA,NO DATA,NO DATA,NO DATA,NO DATA,NO DATA
65P0685,393074,425104,2,5/25/2019,11:2,Unclassified,Dry,Daylight: street lights present,Fine without high winds,Car,Driver or rider,Slight,Male,63,NO DATA,NO DATA,NO DATA,NO DATA,NO DATA,NO DATA,NO DATA,NO DATA,NO DATA,NO DATA,NO DATA,NO DATA,NO DATA,NO DATA,NO DATA
65Q0574,410222,418733,2,5/26/2019,11:15,Motorway,Wet / Damp,Daylight: street lights present,Raining with high winds,Motorcycle over 500cc,Driver or rider,Slight,Male,28,Car,not known,not known,not known,not known,Car,not known,not known,not known,not known,NO DATA,NO DATA,NO DATA,NO DATA,NO DATA
65T1335,409309,424944,2,5/29/2019,13:35,Unclassified,Dry,Daylight: street lights present,Fine without high winds,Car,Pedestrian,Slight,Male,28,NO DATA,NO DATA,NO DATA,NO DATA,NO DATA,NO DATA,NO DATA,NO DATA,NO DATA,NO DATA,NO DATA,NO DATA,NO DATA,NO DATA,NO DATA
6610845,392601,423158,2,6/1/2019,13:06,A,Dry,Daylight: street lights present,Fine without high winds,Car,Driver or rider,Slight,Male,49,Car,Driver or rider,Slight,Female,41,Car,not known,not known,not known,not known,NO DATA,NO DATA,NO DATA,NO DATA,NO DATA
6631452,407526,429361,2,6/3/2019,17:45,Unclassified,Dry,Daylight: street lights present,Fine without high winds,Motorcycle over 500cc,Driver or rider,Serious,Male,28,Car,Driver or rider,Slight,Female,31,NO DATA,NO DATA,NO DATA,NO DATA,NO DATA,NO DATA,NO DATA,NO DATA,NO DATA,NO DATA
6651825,411603,420725,2,6/5/2019,21:15,A,Dry,Daylight: street lights present,Fine without high winds,Car,Driver or rider,Slight,Female,24,Car,not known,not known,not known,not known,Car,not known,not known,not known,not known,Car,not known,not known,not known,not known
66A1052,408594,425566,2,6/10/2019,15:07,Unclassified,Dry,Daylight: street lights present,Fine without high winds,Car,Pedestrian,Serious,Female,73,NO DATA,NO DATA,NO DATA,NO DATA,NO DATA,NO DATA,NO DATA,NO DATA,NO DATA,NO DATA,NO DATA,NO DATA,NO DATA,NO DATA,NO DATA
66B0274,411397,419619,2,6/11/2019,8:15,Motorway,Dry,Daylight: street lights present,Fine without high winds,Goods vehicle 7.5 tonnes mgw and over,Driver or rider,Slight,Male,47,Car,not known,not known,not known,not known,NO DATA,NO DATA,NO DATA,NO DATA,NO DATA,NO DATA,NO DATA,NO DATA,NO DATA,NO DATA
66B0368,410873,419624,2,6/11/2019,9:33,Unclassified,Dry,Daylight: street lights present,Fine without high winds,Car,Driver or rider,Slight,Male,32,Car,not known,not known,not known,not known,NO DATA,NO DATA,NO DATA,NO DATA,NO DATA,NO DATA,NO DATA,NO DATA,NO DATA,NO DATA
66C0400,408056,428486,2,6/2/2019,12,Unclassified,Dry,Daylight: street lights present,Fine without high winds,Pedal cycle,Driver or rider,Slight,Male,12,Car,not known,not known,not known,not known,NO DATA,NO DATA,NO DATA,NO DATA,NO DATA,NO DATA,NO DATA,NO DATA,NO DATA,NO DATA
66C1831,408020,424658,2,6/12/2019,22:26,Unclassified,Dry,Darkness: street lights present and lit,Fine without high winds,Car,Pedestrian,Slight,Female,25,NO DATA,NO DATA,NO DATA,NO DATA,NO DATA,NO DATA,NO DATA,NO DATA,NO DATA,NO DATA,NO DATA,NO DATA,NO DATA,NO DATA,NO DATA
66E0667,412100,428194,2,6/14/2019,12:02,A,Wet / Damp,Daylight: street lights present,Fine without high winds,Goods vehicle 3.5 tonnes mgw and under,Driver or rider,Slight,Male,30,Car,not known,not known,not known,not known,Car,not known,not known,not known,not known,Car,not known,not known,not known,not known
66H0297,403680,419488,2,6/16/2019,19:05,A,Dry,Daylight: street lights present,Fine without high winds,Car,Driver or rider,Slight,Female,18,Car,not known,not known,not known,not known,NO DATA,NO DATA,NO DATA,NO DATA,NO DATA,NO DATA,NO DATA,NO DATA,NO DATA,NO DATA
66K2066,407464,424624,2,6/20/2019,23:52,Unclassified,Dry,Darkness: street lights present and lit,Fine without high winds,Car,Driver or rider,Slight,Male,20,Car,Vehicle or pillion passenger,Slight,Male,20,NO DATA,Vehicle or pillion passenger,Slight,Male,21,NO DATA,NO DATA,NO DATA,NO DATA,NO DATA
66L1258,398321,414766,2,6/21/2019,16:36,Motorway,Dry,Daylight: street lights present,Fine without high winds,Car,Driver or rider,Slight,Female,39,Car,Driver or rider,Slight,Male,65,Car,Driver or rider,Slight,Female,57,NO DATA,NO DATA,NO DATA,NO DATA,NO DATA
66L1409,408727,423669,2,6/21/2019,17:4,Unclassified,Dry,Daylight: street lights present,Fine without high winds,Car,Vehicle or pillion passenger,Slight,Female,34,Taxi/Private hire car,NO DATA,NO DATA,NO DATA,NO DATA,NO DATA,NO DATA,NO DATA,NO DATA,NO DATA,NO DATA,NO DATA,NO DATA,NO DATA,NO DATA
66L1624,409353,424961,2,6/21/2019,19,Unclassified,Dry,Daylight: street lights present,Fine without high winds,Car,Pedestrian,Slight,Male,24,NO DATA,NO DATA,NO DATA,NO DATA,NO DATA,NO DATA,NO DATA,NO DATA,NO DATA,NO DATA,NO DATA,NO DATA,NO DATA,NO DATA,NO DATA
66O2039,414596,422804,2,6/24/2019,22:48,Unclassified,Dry,Darkness: street lights present and lit,Fine without high winds,Car,Pedestrian,Serious,Male,28,NO DATA,NO DATA,NO DATA,NO DATA,NO DATA,NO DATA,NO DATA,NO DATA,NO DATA,NO DATA,NO DATA,NO DATA,NO DATA,NO DATA,NO DATA
66P1947,409973,425659,2,6/25/2019,23:18,A,Wet / Damp,Darkness: street lights present and lit,Raining without high winds,Car,Driver or rider,Serious,Male,21,NO DATA,Vehicle or pillion passenger,Serious,Male,20,NO DATA,Vehicle or pillion passenger,Serious,Male,21,NO DATA,Vehicle or pillion passenger,Serious,Male,22
66U1222,409227,425353,2,6/30/2019,15:14,Unclassified,Dry,Daylight: street lights present,Fine without high winds,Pedal cycle,Driver or rider,Slight,Male,14,Car,not known,not known,not known,not known,NO DATA,NO DATA,NO DATA,NO DATA,NO DATA,NO DATA,NO DATA,NO DATA,NO DATA,NO DATA
6720437,412346,425869,2,7/2/2019,9:3,A,Dry,Daylight: street lights present,Fine without high winds,Car,Driver or rider,Slight,Male,58,NO DATA,NO DATA,NO DATA,NO DATA,NO DATA,NO DATA,NO DATA,NO DATA,NO DATA,NO DATA,NO DATA,NO DATA,NO DATA,NO DATA,NO DATA
6721656,400302,427341,2,7/2/2019,18:57,Unclassified,Dry,Daylight: street lights present,Fine without high winds,Car,Driver or rider,Slight,Male,20,Car,not known,not known,not known,not known,NO DATA,NO DATA,NO DATA,NO DATA,NO DATA,NO DATA,NO DATA,NO DATA,NO DATA,NO DATA
6750352,406258,423898,2,7/5/2019,8:36,Unclassified,Dry,Daylight: street lights present,Fine without high winds,Car,Pedestrian,Serious,Male,9,NO DATA,NO DATA,NO DATA,NO DATA,NO DATA,NO DATA,NO DATA,NO DATA,NO DATA,NO DATA,NO DATA,NO DATA,NO DATA,NO DATA,NO DATA
6751146,411420,420453,2,7/5/2019,16,Unclassified,Dry,Daylight: street lights present,Fine without high winds,Car,Driver or rider,Slight,Male,28,Car,not known,not known,not known,not known,Car,not known,not known,not known,not known,NO DATA,NO DATA,NO DATA,NO DATA,NO DATA
6760814,399636,426900,2,7/6/2019,11,A,Dry,Daylight: street lights present,Fine without high winds,Pedal cycle,Driver or rider,Slight,Male,16,Car,not known,not known,not known,not known,NO DATA,NO DATA,NO DATA,NO DATA,NO DATA,NO DATA,NO DATA,NO DATA,NO DATA,NO DATA
6761945,389881,426268,2,7/6/2019,21:3,A,Dry,Darkness: street lights present and lit,Fine without high winds,Motorcycle over 50cc and up to 125cc,Driver or rider,Serious,Male,27,Car,not known,not known,not known,not known,NO DATA,NO DATA,NO DATA,NO DATA,NO DATA,NO DATA,NO DATA,NO DATA,NO DATA,NO DATA
6781836,414635,422712,2,7/8/2019,20:27,A,Wet / Damp,Daylight: street lights present,Raining without high winds,Car,Driver or rider,Slight,Male,19,Car,Driver or rider,Slight,Male,25,NO DATA,NO DATA,NO DATA,NO DATA,NO DATA,NO DATA,NO DATA,NO DATA,NO DATA,NO DATA
6790856,413523,420614,2,7/9/2019,13:18,A,Dry,Daylight: street lights present,Fine without high winds,Car,Vehicle or pillion passenger,Slight,Female,81,Car,not known,not known,not known,not known,NO DATA,NO DATA,NO DATA,NO DATA,NO DATA,NO DATA,NO DATA,NO DATA,NO DATA,NO DATA
67B1142,416309,424137,2,7/11/2019,15:13,Unclassified,Dry,Daylight: street lights present,Fine without high winds,Car,Driver or rider,Serious,Male,25,Motorcycle over 50cc and up to 125cc,not known,not known,not known,not known,NO DATA,NO DATA,NO DATA,NO DATA,NO DATA,NO DATA,NO DATA,NO DATA,NO DATA,NO DATA
67B1325,410046,423303,2,7/11/2019,16:22,Unclassified,Dry,Daylight: street lights present,Fine without high winds,Car,Driver or rider,Slight,Male,26,Pedal cycle,not known,not known,not known,not known,NO DATA,NO DATA,NO DATA,NO DATA,NO DATA,NO DATA,NO DATA,NO DATA,NO DATA,NO DATA
67B1712,408164,427574,2,7/11/2019,19:04,Unclassified,Dry,Daylight: street lights present,Fine without high winds,Car,Vehicle or pillion passenger,Slight,Female,3,Car,not known,not known,not known,not known,Car,not known,not known,not known,not known,NO DATA,NO DATA,NO DATA,NO DATA,NO DATA
67C0218,411025,419630,2,7/12/2019,4:5,A,Dry,Daylight: street lights present,Fine without high winds,Car,Driver or rider,Slight,Male,24,NO DATA,NO DATA,NO DATA,NO DATA,NO DATA,NO DATA,NO DATA,NO DATA,NO DATA,NO DATA,NO DATA,NO DATA,NO DATA,NO DATA,NO DATA
67C1738,405419,419813,2,7/12/2019,19:02,Unclassified,Dry,Daylight: street lights present,Fine without high winds,Car,Driver or rider,Slight,Male,25,Car,Driver or rider,Slight,Male,53,NO DATA,NO DATA,NO DATA,NO DATA,NO DATA,NO DATA,NO DATA,NO DATA,NO DATA,NO DATA
67D0909,413653,426162,2,7/13/2019,13:25,A,Dry,Daylight: street lights present,Fine without high winds,Car,Driver or rider,Serious,Male,49,Motorcycle over 500cc,not known,not known,not known,not known,NO DATA,NO DATA,NO DATA,NO DATA,NO DATA,NO DATA,NO DATA,NO DATA,NO DATA,NO DATA
67D1295,399768,427251,2,7/13/2019,16:38,Unclassified,Dry,Daylight: street lights present,Fine without high winds,Motorcycle over 500cc,Driver or rider,Slight,Male,46,Car,not known,not known,not known,not known,Car,not known,not known,not known,not known,NO DATA,NO DATA,NO DATA,NO DATA,NO DATA
67D1546,413526,420937,2,7/13/2019,18:35,Unclassified,Dry,Daylight: street lights present,Fine without high winds,Car,Vehicle or pillion passenger,Slight,Female,3,Car,not known,not known,not known,not known,NO DATA,NO DATA,NO DATA,NO DATA,NO DATA,NO DATA,NO DATA,NO DATA,NO DATA,NO DATA
67E1213,416721,422105,2,7/14/2019,15:3,A,Dry,Daylight: street lights present,Fine without high winds,Car,Driver or rider,Slight,Male,44,Car,Driver or rider,Slight,Male,47,NO DATA,NO DATA,NO DATA,NO DATA,NO DATA,NO DATA,NO DATA,NO DATA,NO DATA,NO DATA
67E1699,398927,420380,2,7/14/2019,19:24,B,Dry,Daylight: street lights present,Fine without high winds,Motorcycle over 500cc,Driver or rider,Serious,Male,46,NO DATA,NO DATA,NO DATA,NO DATA,NO DATA,NO DATA,NO DATA,NO DATA,NO DATA,NO DATA,NO DATA,NO DATA,NO DATA,NO DATA,NO DATA
67G0266,411440,419636,2,7/16/2019,6:54,A,Dry,Daylight: street lights present,Fine without high winds,Pedal cycle,Driver or rider,Serious,Male,27,Taxi/Private hire car,not known,not known,not known,not known,NO DATA,NO DATA,NO DATA,NO DATA,NO DATA,NO DATA,NO DATA,NO DATA,NO DATA,NO DATA
67G2262,406947,430908,2,7/16/2019,23:36,A,Dry,Darkness: street lights present and lit,Fine without high winds,Car,Driver or rider,Slight,Male,20,Car,Driver or rider,Slight,Male,27,NO DATA,NO DATA,NO DATA,NO DATA,NO DATA,NO DATA,NO DATA,NO DATA,NO DATA,NO DATA
67I1498,408335,424290,2,7/18/2019,17:48,Unclassified,Dry,Daylight: street lights present,Fine without high winds,Car,Pedestrian,Serious,Male,5,NO DATA,NO DATA,NO DATA,NO DATA,NO DATA,NO DATA,NO DATA,NO DATA,NO DATA,NO DATA,NO DATA,NO DATA,NO DATA,NO DATA,NO DATA
67J0424,414829,422937,2,7/19/2019,8:55,Unclassified,Dry,Daylight: street lights present,Fine without high winds,Motorcycle over 125cc and up to 500cc,Driver or rider,Slight,Male,26,NO DATA,NO DATA,NO DATA,NO DATA,NO DATA,NO DATA,NO DATA,NO DATA,NO DATA,NO DATA,NO DATA,NO DATA,NO DATA,NO DATA,NO DATA
67J0531,401531,425998,2,7/19/2019,10:04,A,Dry,Daylight: street lights present,Fine without high winds,Car,Driver or rider,Slight,Female,71,Goods vehicle 3.5 tonnes mgw and under,not known,not known,not known,not known,NO DATA,NO DATA,NO DATA,NO DATA,NO DATA,NO DATA,NO DATA,NO DATA,NO DATA,NO DATA
67J1397,405959,423452,2,7/19/2019,15:45,Unclassified,Dry,Daylight: street lights present,Fine without high winds,Car,Driver or rider,Slight,Male,39,Pedal cycle,not known,not known,not known,not known,NO DATA,NO DATA,NO DATA,NO DATA,NO DATA,NO DATA,NO DATA,NO DATA,NO DATA,NO DATA
67J1853,407532,423577,2,7/19/2019,20:25,A,Dry,Daylight: street lights present,Fine without high winds,Car,Driver or rider,Slight,Male,47,Car,not known,not known,not known,not known,Car,not known,not known,not known,not known,Car,not known,not known,not known,not known
67K0642,409232,425316,2,7/20/2019,10:45,Unclassified,Dry,Daylight: street lights present,Fine without high winds,Goods vehicle 3.5 tonnes mgw and under,Driver or rider,Slight,Female,25,Car,not known,not known,not known,not known,NO DATA,NO DATA,NO DATA,NO DATA,NO DATA,NO DATA,NO DATA,NO DATA,NO DATA,NO DATA
67K2263,402376,420524,2,7/19/2019,22:45,Unclassified,Dry,Darkness: no street lighting,Raining without high winds,Car,Vehicle or pillion passenger,Serious,Male,20,NO DATA,NO DATA,NO DATA,NO DATA,NO DATA,NO DATA,NO DATA,NO DATA,NO DATA,NO DATA,NO DATA,NO DATA,NO DATA,NO DATA,NO DATA
67L1161,401322,426020,2,7/21/2019,15:59,A,Dry,Daylight: street lights present,Fine without high winds,Car,Driver or rider,Slight,Male,20,Pedal cycle,not known,not known,not known,not known,NO DATA,NO DATA,NO DATA,NO DATA,NO DATA,NO DATA,NO DATA,NO DATA,NO DATA,NO DATA
67N1567,412457,425479,2,7/23/2019,17:5,A,Dry,Daylight: street lights present,Fine without high winds,Car,Vehicle or pillion passenger,Slight,Female,15,Car,not known,not known,not known,not known,NO DATA,NO DATA,NO DATA,NO DATA,NO DATA,NO DATA,NO DATA,NO DATA,NO DATA,NO DATA
67O0371,404368,419514,2,7/24/2019,7:37,B,Wet / Damp,Daylight: street lights present,Fine without high winds,Car,Driver or rider,Slight,Female,18,Car,Driver or rider,Slight,Female,23,NO DATA,NO DATA,NO DATA,NO DATA,NO DATA,NO DATA,NO DATA,NO DATA,NO DATA,NO DATA
67O0629,390462,425810,2,7/24/2019,11:07,Unclassified,Dry,Daylight: street lights present,Fine without high winds,Car,Driver or rider,Slight,Male,70,NO DATA,NO DATA,NO DATA,NO DATA,NO DATA,NO DATA,NO DATA,NO DATA,NO DATA,NO DATA,NO DATA,NO DATA,NO DATA,NO DATA,NO DATA
67P2019,406619,419805,2,7/25/2019,19:45,Unclassified,Dry,Daylight: street lights present,Fine without high winds,Car,Driver or rider,Slight,Female,30,Car,not known,not known,not known,not known,NO DATA,NO DATA,NO DATA,NO DATA,NO DATA,NO DATA,NO DATA,NO DATA,NO DATA,NO DATA
67R1074,411466,419504,2,7/27/2019,14:2,A,Wet / Damp,Daylight: street lights present,Raining without high winds,Motorcycle over 50cc and up to 125cc,Driver or rider,Slight,Female,36,NO DATA,NO DATA,NO DATA,NO DATA,NO DATA,NO DATA,NO DATA,NO DATA,NO DATA,NO DATA,NO DATA,NO DATA,NO DATA,NO DATA,NO DATA
67R1805,402579,416007,2,7/27/2019,20:55,Motorway,Wet / Damp,Darkness: no street lighting,Raining without high winds,Car,Driver or rider,Slight,Male,50,Car,Driver or rider,Slight,Female,45,NO DATA,NO DATA,NO DATA,NO DATA,NO DATA,NO DATA,NO DATA,NO DATA,NO DATA,NO DATA
67R1929,409459,423490,2,7/27/2019,22:1,A,Wet / Damp,Darkness: street lights present and lit,Raining without high winds,Motorcycle over 500cc,Driver or rider,Slight,Male,19,NO DATA,Vehicle or pillion passenger,Slight,Male,36,NO DATA,NO DATA,NO DATA,NO DATA,NO DATA,NO DATA,NO DATA,NO DATA,NO DATA,NO DATA
67U2259,404289,416714,2,7/30/2019,23:24,Motorway,Wet / Damp,Darkness: street lights present and lit,Raining without high winds,Car,Driver or rider,Slight,Male,45,Car,not known,not known,not known,not known,NO DATA,NO DATA,NO DATA,NO DATA,NO DATA,NO DATA,NO DATA,NO DATA,NO DATA,NO DATA
67V1283,413905,421654,2,7/31/2019,17:07,A,Dry,Daylight: street lights present,Fine without high winds,Goods vehicle 3.5 tonnes mgw and under,Driver or rider,Slight,Male,49,Pedal cycle,not known,not known,not known,not known,NO DATA,NO DATA,NO DATA,NO DATA,NO DATA,NO DATA,NO DATA,NO DATA,NO DATA,NO DATA
67V1613,409561,423621,2,7/31/2019,18:3,Unclassified,Dry,Daylight: street lights present,Fine without high winds,Car,Pedestrian,Slight,Male,7,NO DATA,NO DATA,NO DATA,NO DATA,NO DATA,NO DATA,NO DATA,NO DATA,NO DATA,NO DATA,NO DATA,NO DATA,NO DATA,NO DATA,NO DATA
6810434,413577,423199,2,8/1/2019,8:5,Unclassified,Dry,Daylight: street lights present,Fine without high winds,Car,Pedestrian,Slight,Female,45,NO DATA,NO DATA,NO DATA,NO DATA,NO DATA,NO DATA,NO DATA,NO DATA,NO DATA,NO DATA,NO DATA,NO DATA,NO DATA,NO DATA,NO DATA
6811225,411195,420637,2,8/1/2019,16:07,Unclassified,Dry,Daylight: street lights present,Fine without high winds,Goods vehicle 3.5 tonnes mgw and under,Driver or rider,Slight,Male,28,Car,not known,not known,not known,not known,Car,not known,not known,not known,not known,Goods vehicle 3.5 tonnes mgw and under,not known,not known,not known,not known
6821005,405547,419979,2,8/2/2019,14:55,Unclassified,Dry,Daylight: street lights present,Fine without high winds,Car,Driver or rider,Slight,Male,55,Goods vehicle 7.5 tonnes mgw and over,Vehicle or pillion passenger,Slight,Female,67,NO DATA,Driver or rider,Slight,Male,53,NO DATA,NO DATA,NO DATA,NO DATA,NO DATA
6821437,409822,425672,2,8/2/2019,16:3,Unclassified,Dry,Daylight: street lights present,Fine without high winds,Car,Vehicle or pillion passenger,Slight,Male,67,NO DATA,NO DATA,NO DATA,NO DATA,NO DATA,NO DATA,NO DATA,NO DATA,NO DATA,NO DATA,NO DATA,NO DATA,NO DATA,NO DATA,NO DATA
6830654,416853,424057,2,8/3/2019,9:4,Unclassified,Dry,Daylight: street lights present,Fine without high winds,Car,Pedestrian,Slight,Male,42,Car,not known,not known,not known,not known,NO DATA,NO DATA,NO DATA,NO DATA,NO DATA,NO DATA,NO DATA,NO DATA,NO DATA,NO DATA
6841243,416262,422206,2,8/4/2019,15:3,A,Dry,Daylight: street lights present,Fine without high winds,Car,Driver or rider,Slight,Male,53,Car,Vehicle or pillion passenger,Slight,Female,57,NO DATA,NO DATA,NO DATA,NO DATA,NO DATA,NO DATA,NO DATA,NO DATA,NO DATA,NO DATA
6842175,411759,421260,2,8/4/2019,22:23,Unclassified,Dry,Darkness: street lights present and lit,Fine without high winds,Motorcycle over 500cc,Driver or rider,Fatal,Male,43,Pedal cycle,not known,not known,not known,not known,Car,not known,not known,not known,not known,NO DATA,NO DATA,NO DATA,NO DATA,NO DATA
6850683,409210,425076,2,8/5/2019,11:33,Unclassified,Dry,Daylight: street lights present,Fine without high winds,Car,Driver or rider,Serious,Male,52,Car,not known,not known,not known,not known,Car,not known,not known,not known,not known,NO DATA,NO DATA,NO DATA,NO DATA,NO DATA
6891410,403757,425093,2,8/8/2019,14:36,A,Dry,Daylight: street lights present,Fine without high winds,Goods vehicle over 3.5 tonnes and under 7.5 tonnes mgw,Pedestrian,Slight,Male,17,NO DATA,NO DATA,NO DATA,NO DATA,NO DATA,NO DATA,NO DATA,NO DATA,NO DATA,NO DATA,NO DATA,NO DATA,NO DATA,NO DATA,NO DATA
6891840,411660,427999,2,8/9/2019,19:49,A,Wet / Damp,Daylight: street lights present,Raining without high winds,Car,Driver or rider,Slight,Male,59,Car,Vehicle or pillion passenger,Slight,Female,73,NO DATA,NO DATA,NO DATA,NO DATA,NO DATA,NO DATA,NO DATA,NO DATA,NO DATA,NO DATA
68A0046,408176,428159,2,8/10/2019,0:2,Unclassified,Wet / Damp,Darkness: street lights present and lit,Raining without high winds,Car,Vehicle or pillion passenger,Slight,Female,54,Car,Vehicle or pillion passenger,Slight,Female,52,Car,not known,not known,not known,not known,NO DATA,NO DATA,NO DATA,NO DATA,NO DATA
68E0673,409045,426232,2,8/14/2019,12:5,A,Wet / Damp,Daylight: street lights present,Raining without high winds,Car,Driver or rider,Slight,Female,76,Agricultural vehicle (includes diggers etc.),Vehicle or pillion passenger,Slight,Male,79,NO DATA,NO DATA,NO DATA,NO DATA,NO DATA,NO DATA,NO DATA,NO DATA,NO DATA,NO DATA
68E0728,409973,425659,2,8/14/2019,13:23,A,Wet / Damp,Daylight: street lights present,Raining without high winds,Car,Vehicle or pillion passenger,Slight,Male,62,Goods vehicle 7.5 tonnes mgw and over,not known,not known,not known,not known,NO DATA,NO DATA,NO DATA,NO DATA,NO DATA,NO DATA,NO DATA,NO DATA,NO DATA,NO DATA
68F1413,407102,427478,2,8/15/2019,18:3,Unclassified,Dry,Daylight: street lights present,Fine without high winds,Goods vehicle 3.5 tonnes mgw and under,Pedestrian,Slight,Female,4,Car,not known,not known,not known,not known,NO DATA,NO DATA,NO DATA,NO DATA,NO DATA,NO DATA,NO DATA,NO DATA,NO DATA,NO DATA
68F1591,412777,425575,2,8/15/2019,19:49,A,Dry,Daylight: street lights present,Fine without high winds,Car,Driver or rider,Slight,Female,36,Car,Vehicle or pillion passenger,Slight,Male,12,Car,Vehicle or pillion passenger,Slight,Female,2,Car,Vehicle or pillion passenger,Slight,Female,5
68J1025,393457,421311,2,8/19/2019,14:4,A,Dry,Daylight: street lights present,Fine without high winds,Car,Driver or rider,Slight,Male,89,NO DATA,NO DATA,NO DATA,NO DATA,NO DATA,NO DATA,NO DATA,NO DATA,NO DATA,NO DATA,NO DATA,NO DATA,NO DATA,NO DATA,NO DATA
68J1571,411140,420685,2,8/19/2019,17:55,Unclassified,Dry,Daylight: street lights present,Fine without high winds,Pedal cycle,Driver or rider,Slight,Male,12,Taxi/Private hire car,not known,not known,not known,not known,NO DATA,NO DATA,NO DATA,NO DATA,NO DATA,NO DATA,NO DATA,NO DATA,NO DATA,NO DATA
68K1155,409449,424967,2,8/20/2019,15:46,Unclassified,Dry,Daylight: street lights present,Fine without high winds,Motorcycle over 125cc and up to 500cc,Driver or rider,Slight,Male,20,Minibus (8 â€“ 16 passenger seats),not known,not known,not known,not known,NO DATA,NO DATA,NO DATA,NO DATA,NO DATA,NO DATA,NO DATA,NO DATA,NO DATA,NO DATA
68N1921,402457,420730,2,8/23/2019,20:27,Unclassified,Dry,Daylight: street lights present,Fine without high winds,Car,Driver or rider,Serious,Male,55,NO DATA,Vehicle or pillion passenger,Slight,Female,41,NO DATA,NO DATA,NO DATA,NO DATA,NO DATA,NO DATA,NO DATA,NO DATA,NO DATA,NO DATA
68N2246,407913,424913,2,8/23/2019,22:46,Unclassified,Dry,Darkness: street lights present and lit,Fine without high winds,Car,Driver or rider,Slight,Male,25,Car,not known,not known,not known,not known,NO DATA,NO DATA,NO DATA,NO DATA,NO DATA,NO DATA,NO DATA,NO DATA,NO DATA,NO DATA
68O1081,411112,425997,2,8/24/2019,14:22,A,Dry,Daylight: street lights present,Fine without high winds,Car,Driver or rider,Serious,Male,61,Motorcycle over 500cc,not known,not known,not known,not known,NO DATA,NO DATA,NO DATA,NO DATA,NO DATA,NO DATA,NO DATA,NO DATA,NO DATA,NO DATA
68O2257,414361,423381,2,8/24/2019,22:14,Unclassified,Dry,Darkness: street lights present and lit,Fine without high winds,Car,Driver or rider,Slight,Female,21,Car,Vehicle or pillion passenger,Slight,Male,23,NO DATA,NO DATA,NO DATA,NO DATA,NO DATA,NO DATA,NO DATA,NO DATA,NO DATA,NO DATA
68P1528,402351,417927,2,8/25/2019,17:3,Unclassified,Dry,Daylight: street lights present,Fine without high winds,Car,Driver or rider,Serious,Male,19,Motorcycle over 500cc,Vehicle or pillion passenger,Slight,Female,19,NO DATA,NO DATA,NO DATA,NO DATA,NO DATA,NO DATA,NO DATA,NO DATA,NO DATA,NO DATA
68Q0462,409741,422699,2,8/26/2019,5:35,A,Dry,Daylight: street lights present,Fine without high winds,Car,Vehicle or pillion passenger,Serious,Female,23,NO DATA,Vehicle or pillion passenger,Slight,Female,22,NO DATA,NO DATA,NO DATA,NO DATA,NO DATA,NO DATA,NO DATA,NO DATA,NO DATA,NO DATA
68Q1229,412132,425424,2,8/26/2019,14:3,Unclassified,Dry,Daylight: street lights present,Fine without high winds,Motorcycle over 125cc and up to 500cc,Driver or rider,Serious,Male,25,NO DATA,NO DATA,NO DATA,NO DATA,NO DATA,NO DATA,NO DATA,NO DATA,NO DATA,NO DATA,NO DATA,NO DATA,NO DATA,NO DATA,NO DATA
68Q2016,407913,424913,2,8/26/2019,22:01,Unclassified,Dry,Darkness: street lights present and lit,Fine without high winds,Car,Driver or rider,Slight,Male,34,Motorcycle over 500cc,not known,not known,not known,not known,NO DATA,NO DATA,NO DATA,NO DATA,NO DATA,NO DATA,NO DATA,NO DATA,NO DATA,NO DATA
68U0499,408750,422564,2,8/30/2019,9:38,A,Dry,Daylight: street lights present,Fine without high winds,Car,Driver or rider,Slight,Male,73,Agricultural vehicle (includes diggers etc.),not known,not known,not known,not known,NO DATA,NO DATA,NO DATA,NO DATA,NO DATA,NO DATA,NO DATA,NO DATA,NO DATA,NO DATA
68U0600,410421,426015,2,8/30/2019,10:36,A,Dry,Daylight: street lights present,Fine without high winds,Car,Vehicle or pillion passenger,Slight,Female,9,Car,Vehicle or pillion passenger,Slight,Female,11,NO DATA,NO DATA,NO DATA,NO DATA,NO DATA,NO DATA,NO DATA,NO DATA,NO DATA,NO DATA
68V0469,405547,419979,2,8/30/2019,13,A,Dry,Daylight: street lights present,Fine without high winds,Goods vehicle 7.5 tonnes mgw and over,Driver or rider,Serious,Male,35,Pedal cycle,not known,not known,not known,not known,NO DATA,NO DATA,NO DATA,NO DATA,NO DATA,NO DATA,NO DATA,NO DATA,NO DATA,NO DATA
68V0878,409402,424771,2,8/31/2019,13:09,Unclassified,Dry,Daylight: street lights present,Fine without high winds,Car,Vehicle or pillion passenger,Slight,Female,63,Car,not known,not known,not known,not known,NO DATA,NO DATA,NO DATA,NO DATA,NO DATA,NO DATA,NO DATA,NO DATA,NO DATA,NO DATA
68V0913,411014,428762,2,8/31/2019,13:27,A,Dry,Daylight: street lights present,Fine without high winds,Car,Driver or rider,Serious,Male,26,Goods vehicle 3.5 tonnes mgw and under,Driver or rider,Serious,Male,33,Car,not known,not known,not known,not known,NO DATA,NO DATA,NO DATA,NO DATA,NO DATA
6920662,412462,425469,2,9/2/2019,12:3,A,Dry,Daylight: street lights present,Fine without high winds,Car,Driver or rider,Slight,Female,75,Car,Vehicle or pillion passenger,Slight,Female,72,NO DATA,NO DATA,NO DATA,NO DATA,NO DATA,NO DATA,NO DATA,NO DATA,NO DATA,NO DATA
6931678,409788,425724,2,9/3/2019,20:38,A,Dry,Darkness: street lights present and lit,Fine without high winds,Car,Vehicle or pillion passenger,Slight,Male,2,Car,not known,not known,not known,not known,NO DATA,NO DATA,NO DATA,NO DATA,NO DATA,NO DATA,NO DATA,NO DATA,NO DATA,NO DATA
6981343,406794,426164,2,9/8/2019,18:03,Unclassified,Dry,Daylight: street lights present,Fine without high winds,Motorcycle over 50cc and up to 125cc,Driver or rider,Serious,Male,35,Car,Vehicle or pillion passenger,Serious,Female,47,NO DATA,Driver or rider,Slight,Female,33,NO DATA,NO DATA,NO DATA,NO DATA,NO DATA
69F1940,409748,422724,2,9/15/2019,22:15,A,Wet / Damp,Darkness: street lights present and lit,Raining without high winds,Goods vehicle 3.5 tonnes mgw and under,Pedestrian,Slight,Female,33,NO DATA,NO DATA,NO DATA,NO DATA,NO DATA,NO DATA,NO DATA,NO DATA,NO DATA,NO DATA,NO DATA,NO DATA,NO DATA,NO DATA,NO DATA
69H0887,416902,422057,2,9/17/2019,13:42,A,Dry,Daylight: street lights present,Fine without high winds,Goods vehicle over 3.5 tonnes and under 7.5 tonnes mgw,Vehicle or pillion passenger,Slight,Male,36,Car,Vehicle or pillion passenger,Slight,Male,32,Car,not known,not known,not known,not known,Car,not known,not known,not known,not known
69I0676,411876,427814,2,9/18/2019,6:4,A,Dry,Daylight: street lights present,Fine without high winds,Car,Driver or rider,Slight,Female,23,Car,not known,not known,not known,not known,Car,not known,not known,not known,not known,NO DATA,NO DATA,NO DATA,NO DATA,NO DATA
69I1019,409318,424727,2,9/18/2019,14:49,A,Dry,Daylight: street lights present,Fine without high winds,Car,Driver or rider,Slight,Female,55,Car,not known,not known,not known,not known,NO DATA,NO DATA,NO DATA,NO DATA,NO DATA,NO DATA,NO DATA,NO DATA,NO DATA,NO DATA
69J0470,410814,420982,2,9/19/2019,10:19,Unclassified,Dry,Daylight: street lights present,Fine without high winds,Car,Driver or rider,Slight,Female,90,NO DATA,NO DATA,NO DATA,NO DATA,NO DATA,NO DATA,NO DATA,NO DATA,NO DATA,NO DATA,NO DATA,NO DATA,NO DATA,NO DATA,NO DATA
69J0763,417704,420756,2,9/19/2019,12:39,A,Dry,Daylight: street lights present,Fine without high winds,Car,Driver or rider,Slight,Male,22,Goods vehicle 3.5 tonnes mgw and under,not known,not known,not known,not known,NO DATA,NO DATA,NO DATA,NO DATA,NO DATA,NO DATA,NO DATA,NO DATA,NO DATA,NO DATA
69N0385,412806,420298,2,9/23/2019,9:1,Motorway,Dry,Daylight: street lights present,Fine without high winds,Car,Driver or rider,Serious,Female,31,Car,Driver or rider,Slight,Female,37,Car,Driver or rider,Slight,Female,30,Car,Driver or rider,Slight,Female,40
69O1264,407548,425938,2,9/6/2019,16,Unclassified,Wet / Damp,Daylight: street lights present,Fine without high winds,Car,Driver or rider,Slight,Male,50,Car,not known,not known,not known,not known,NO DATA,NO DATA,NO DATA,NO DATA,NO DATA,NO DATA,NO DATA,NO DATA,NO DATA,NO DATA
69O1269,409596,424848,2,9/24/2019,17,Unclassified,Wet / Damp,Daylight: street lights present,Raining without high winds,Car,Pedestrian,Slight,Male,22,NO DATA,NO DATA,NO DATA,NO DATA,NO DATA,NO DATA,NO DATA,NO DATA,NO DATA,NO DATA,NO DATA,NO DATA,NO DATA,NO DATA,NO DATA
69P0886,414204,422571,2,9/25/2019,13:1,Unclassified,Dry,Daylight: street lights present,Fine without high winds,Bus or coach (17 or more passenger seats),Vehicle or pillion passenger,Serious,Male,87,NO DATA,NO DATA,NO DATA,NO DATA,NO DATA,NO DATA,NO DATA,NO DATA,NO DATA,NO DATA,NO DATA,NO DATA,NO DATA,NO DATA,NO DATA
69U1356,415318,422960,2,9/30/2019,16:45,Unclassified,Wet / Damp,Daylight: street lights present,Raining without high winds,Pedal cycle,Driver or rider,Slight,Male,14,Goods vehicle 3.5 tonnes mgw and under,not known,not known,not known,not known,NO DATA,NO DATA,NO DATA,NO DATA,NO DATA,NO DATA,NO DATA,NO DATA,NO DATA,NO DATA
69U1582,411449,419616,2,9/30/2019,18:05,Motorway,Wet / Damp,Darkness: street lights present and lit,Raining without high winds,Goods vehicle 3.5 tonnes mgw and under,Driver or rider,Slight,Male,20,NO DATA,NO DATA,NO DATA,NO DATA,NO DATA,NO DATA,NO DATA,NO DATA,NO DATA,NO DATA,NO DATA,NO DATA,NO DATA,NO DATA,NO DATA
6A20200,414766,423030,2,10/2/2019,7:11,A,Dry,Darkness: street lights present and lit,Fine without high winds,Car,Driver or rider,Serious,Male,57,Motorcycle over 500cc,not known,not known,not known,not known,NO DATA,NO DATA,NO DATA,NO DATA,NO DATA,NO DATA,NO DATA,NO DATA,NO DATA,NO DATA
6A51727,414741,424645,2,10/5/2019,20:15,A,Wet / Damp,Darkness: street lights present and lit,Raining without high winds,Car,Pedestrian,Slight,Male,20,NO DATA,NO DATA,NO DATA,NO DATA,NO DATA,NO DATA,NO DATA,NO DATA,NO DATA,NO DATA,NO DATA,NO DATA,NO DATA,NO DATA,NO DATA
6A80310,415742,424286,2,10/8/2019,8:03,Unclassified,Dry,Daylight: street lights present,Fine without high winds,Car,Driver or rider,Slight,Female,65,NO DATA,NO DATA,NO DATA,NO DATA,NO DATA,NO DATA,NO DATA,NO DATA,NO DATA,NO DATA,NO DATA,NO DATA,NO DATA,NO DATA,NO DATA
6A90196,411114,421274,2,10/9/2019,5:59,Unclassified,Wet / Damp,Darkness: street lights present and lit,Raining without high winds,Car,Driver or rider,Serious,Male,38,Pedal cycle,not known,not known,not known,not known,NO DATA,NO DATA,NO DATA,NO DATA,NO DATA,NO DATA,NO DATA,NO DATA,NO DATA,NO DATA
6AC0083,411196,423691,2,10/12/2019,0:4,Unclassified,Dry,Darkness: street lights present and lit,Fine without high winds,Car,Driver or rider,Slight,Male,20,Car,Vehicle or pillion passenger,Slight,Male,21,NO DATA,NO DATA,NO DATA,NO DATA,NO DATA,NO DATA,NO DATA,NO DATA,NO DATA,NO DATA
6AC0261,411150,419381,2,10/12/2019,1:3,A,Dry,Darkness: street lights present and lit,Fine without high winds,Goods vehicle over 3.5 tonnes and under 7.5 tonnes mgw,Driver or rider,Slight,Female,23,Car,not known,not known,not known,not known,NO DATA,NO DATA,NO DATA,NO DATA,NO DATA,NO DATA,NO DATA,NO DATA,NO DATA,NO DATA
6AC1492,413938,423452,2,10/12/2019,18:17,Unclassified,Wet / Damp,Darkness: street lights present and lit,Raining without high winds,Car,Driver or rider,Slight,Male,77,Goods vehicle 3.5 tonnes mgw and under,not known,not known,not known,not known,NO DATA,NO DATA,NO DATA,NO DATA,NO DATA,NO DATA,NO DATA,NO DATA,NO DATA,NO DATA
6AF0279,411000,419618,2,10/15/2019,8:18,A,Wet / Damp,Daylight: street lights present,Fine without high winds,Car,Driver or rider,Slight,Male,37,NO DATA,NO DATA,NO DATA,NO DATA,NO DATA,NO DATA,NO DATA,NO DATA,NO DATA,NO DATA,NO DATA,NO DATA,NO DATA,NO DATA,NO DATA
6AJ0363,407258,419322,2,10/19/2019,7:05,Unclassified,Dry,Daylight: street lights present,Fine without high winds,Car,Driver or rider,Serious,Male,22,NO DATA,NO DATA,NO DATA,NO DATA,NO DATA,NO DATA,NO DATA,NO DATA,NO DATA,NO DATA,NO DATA,NO DATA,NO DATA,NO DATA,NO DATA
6AJ1651,407597,424854,2,10/19/2019,20:03,Unclassified,Dry,Darkness: street lights present and lit,Fine without high winds,Car,Vehicle or pillion passenger,Slight,Female,3,Car,Vehicle or pillion passenger,Slight,Female,63,NO DATA,NO DATA,NO DATA,NO DATA,NO DATA,NO DATA,NO DATA,NO DATA,NO DATA,NO DATA
6AN1248,406900,422209,2,10/25/2019,16:4,Unclassified,Dry,Daylight: street lights present,Fine without high winds,Motorcycle over 50cc and up to 125cc,Driver or rider,Slight,Male,20,Car,not known,not known,not known,not known,NO DATA,NO DATA,NO DATA,NO DATA,NO DATA,NO DATA,NO DATA,NO DATA,NO DATA,NO DATA
6AP1521,417026,422855,2,10/25/2019,19:15,Motorway,Wet / Damp,Darkness: street lights present and lit,Raining without high winds,Car,Driver or rider,Slight,Female,44,Car,Driver or rider,Slight,Male,37,Car,not known,not known,not known,not known,Car,not known,not known,not known,not known
6B21249,393505,424579,2,11/2/2019,16:41,A,Wet / Damp,Darkness: street lights present and lit,Fine without high winds,Car,Driver or rider,Slight,Female,32,Car,Vehicle or pillion passenger,Slight,Female,40,NO DATA,Driver or rider,Slight,Male,31,NO DATA,NO DATA,NO DATA,NO DATA,NO DATA
6B30010,409578,424727,2,11/3/2019,0:07,Unclassified,Dry,Darkness: street lights present and lit,Fine without high winds,Car,Vehicle or pillion passenger,Slight,Female,30,Taxi/Private hire car,Vehicle or pillion passenger,Slight,Male,40,NO DATA,NO DATA,NO DATA,NO DATA,NO DATA,NO DATA,NO DATA,NO DATA,NO DATA,NO DATA
6B61367,410887,421171,2,11/6/2019,16:1,B,Wet / Damp,Darkness: street lights present and lit,Raining without high winds,Car,Pedestrian,Slight,Female,50,NO DATA,NO DATA,NO DATA,NO DATA,NO DATA,NO DATA,NO DATA,NO DATA,NO DATA,NO DATA,NO DATA,NO DATA,NO DATA,NO DATA,NO DATA
6B61634,409310,425345,2,11/6/2019,18:05,Unclassified,Wet / Damp,Darkness: street lights present and lit,Fine without high winds,Taxi/Private hire car,Pedestrian,Slight,Male,66,NO DATA,NO DATA,NO DATA,NO DATA,NO DATA,NO DATA,NO DATA,NO DATA,NO DATA,NO DATA,NO DATA,NO DATA,NO DATA,NO DATA,NO DATA
6B70658,416764,423979,2,11/7/2019,12:03,Unclassified,Wet / Damp,Daylight: street lights present,Raining without high winds,Car,Driver or rider,Slight,Male,22,Car,not known,not known,not known,not known,NO DATA,NO DATA,NO DATA,NO DATA,NO DATA,NO DATA,NO DATA,NO DATA,NO DATA,NO DATA
6B81191,409775,423050,2,11/8/2019,16:02,A,Wet / Damp,Daylight: street lights present,Fine without high winds,Car,Driver or rider,Slight,Male,63,Car,not known,not known,not known,not known,Bus or coach (17 or more passenger seats),not known,not known,not known,not known,NO DATA,NO DATA,NO DATA,NO DATA,NO DATA
6BC1252,412108,425461,2,11/12/2019,16:55,Unclassified,Dry,Darkness: street lights present and lit,Fine without high winds,Taxi/Private hire car,Driver or rider,Slight,Male,18,Motorcycle over 50cc and up to 125cc,not known,not known,not known,not known,NO DATA,NO DATA,NO DATA,NO DATA,NO DATA,NO DATA,NO DATA,NO DATA,NO DATA,NO DATA
6BD1649,409583,421144,2,11/13/2019,19:23,B,Dry,Darkness: street lights present and lit,Fine without high winds,Car,Vehicle or pillion passenger,Slight,Female,14,Car,Driver or rider,Slight,Female,65,NO DATA,NO DATA,NO DATA,NO DATA,NO DATA,NO DATA,NO DATA,NO DATA,NO DATA,NO DATA
6BE1007,406137,428392,3,11/14/2019,14:51,Unclassified,Wet / Damp,Daylight: street lights present,Fine without high winds,Taxi/Private hire car,Pedestrian,Slight,Male,14,NO DATA,Vehicle or pillion passenger,Slight,Male,15,NO DATA,NO DATA,NO DATA,NO DATA,NO DATA,NO DATA,NO DATA,NO DATA,NO DATA,NO DATA
6BF1283,407769,425136,3,11/15/2019,16:39,Unclassified,Wet / Damp,Darkness: street lights present and lit,Raining without high winds,Car,Pedestrian,Slight,Male,13,NO DATA,NO DATA,NO DATA,NO DATA,NO DATA,NO DATA,NO DATA,NO DATA,NO DATA,NO DATA,NO DATA,NO DATA,NO DATA,NO DATA,NO DATA
6BF1898,414704,424354,3,11/15/2019,21:21,Unclassified,Dry,Darkness: street lights present but unlit,Fine without high winds,Car,Pedestrian,Serious,Male,31,NO DATA,NO DATA,NO DATA,NO DATA,NO DATA,NO DATA,NO DATA,NO DATA,NO DATA,NO DATA,NO DATA,NO DATA,NO DATA,NO DATA,NO DATA
6BG0869,416321,422076,3,11/16/2019,13:25,Motorway,Wet / Damp,Daylight: street lights present,Fine without high winds,Car,Driver or rider,Slight,Male,27,Car,Vehicle or pillion passenger,Slight,Female,27,NO DATA,NO DATA,NO DATA,NO DATA,NO DATA,NO DATA,NO DATA,NO DATA,NO DATA,NO DATA
6BI1037,409734,425742,3,11/25/2019,15:2,A,Dry,Daylight: street lights present,Fine without high winds,Car,Driver or rider,Slight,Female,29,Car,not known,not known,not known,not known,NO DATA,NO DATA,NO DATA,NO DATA,NO DATA,NO DATA,NO DATA,NO DATA,NO DATA,NO DATA
6BJ0288,415311,422555,3,11/19/2019,8:37,Unclassified,Dry,Daylight: street lights present,Fine without high winds,Car,Driver or rider,Slight,Female,53,Car,Driver or rider,Slight,Male,48,Goods vehicle 3.5 tonnes mgw and under,not known,not known,not known,not known,NO DATA,NO DATA,NO DATA,NO DATA,NO DATA
6BL1641,410524,421138,3,11/21/2019,18:45,B,Dry,Daylight: street lights present,Fine without high winds,Car,Driver or rider,Slight,Female,30,Car,not known,not known,not known,not known,NO DATA,NO DATA,NO DATA,NO DATA,NO DATA,NO DATA,NO DATA,NO DATA,NO DATA,NO DATA
6BM0496,400334,415219,3,11/22/2019,10:21,Motorway,Wet / Damp,Daylight: street lights present,Raining without high winds,Motorcycle over 500cc,Driver or rider,Slight,Male,60,NO DATA,NO DATA,NO DATA,NO DATA,NO DATA,NO DATA,NO DATA,NO DATA,NO DATA,NO DATA,NO DATA,NO DATA,NO DATA,NO DATA,NO DATA
6BM1815,414814,425437,3,11/22/2019,21,A,Wet / Damp,Darkness: street lights present and lit,Fine without high winds,Car,Driver or rider,Slight,Male,31,Car,Vehicle or pillion passenger,Slight,Female,24,Car,Vehicle or pillion passenger,Slight,Male,26,Car,Vehicle or pillion passenger,Slight,Female,21
6BN1262,414479,422732,3,11/23/2019,16:52,A,Wet / Damp,Darkness: street lights present and lit,Fine without high winds,Car,Pedestrian,Slight,Male,52,Pedal cycle,not known,not known,not known,not known,NO DATA,NO DATA,NO DATA,NO DATA,NO DATA,NO DATA,NO DATA,NO DATA,NO DATA,NO DATA
6BN1845,417057,422949,3,11/23/2019,21:58,Motorway,Flood (surface water over 3cm deep),Darkness: street lights present and lit,Raining without high winds,Car,Vehicle or pillion passenger,Slight,Female,6,NO DATA,NO DATA,NO DATA,NO DATA,NO DATA,NO DATA,NO DATA,NO DATA,NO DATA,NO DATA,NO DATA,NO DATA,NO DATA,NO DATA,NO DATA
6BO0271,409176,424999,3,11/24/2019,3:13,A,Wet / Damp,Darkness: street lights present and lit,Raining without high winds,Taxi/Private hire car,Pedestrian,Slight,Male,26,NO DATA,NO DATA,NO DATA,NO DATA,NO DATA,NO DATA,NO DATA,NO DATA,NO DATA,NO DATA,NO DATA,NO DATA,NO DATA,NO DATA,NO DATA
6BP0216,416325,422080,3,11/25/2019,6:38,Motorway,Wet / Damp,Darkness: street lights present and lit,Raining without high winds,Car,Driver or rider,Slight,Male,29,Car,not known,not known,not known,not known,Goods vehicle 3.5 tonnes mgw and under,not known,not known,not known,not known,Goods vehicle 3.5 tonnes mgw and under,not known,not known,not known,not known
6BS1464,410574,420791,3,11/28/2019,18:44,Unclassified,Dry,Darkness: street lights present and lit,Fine without high winds,Car,Pedestrian,Slight,Male,50,NO DATA,NO DATA,NO DATA,NO DATA,NO DATA,NO DATA,NO DATA,NO DATA,NO DATA,NO DATA,NO DATA,NO DATA,NO DATA,NO DATA,NO DATA
6BT2243,393226,423387,3,11/29/2019,22:43,A,Wet / Damp,Darkness: street lights present and lit,Fine without high winds,Car,Pedestrian,Serious,Male,78,NO DATA,NO DATA,NO DATA,NO DATA,NO DATA,NO DATA,NO DATA,NO DATA,NO DATA,NO DATA,NO DATA,NO DATA,NO DATA,NO DATA,NO DATA
6BU0667,409451,423526,3,11/30/2019,11:11,A,Dry,Daylight: street lights present,Fine without high winds,Car,Driver or rider,Slight,Female,61,Car,not known,not known,not known,not known,NO DATA,NO DATA,NO DATA,NO DATA,NO DATA,NO DATA,NO DATA,NO DATA,NO DATA,NO DATA
6BU1580,404352,421339,3,11/30/2019,19:4,A,Wet / Damp,Darkness: street lights present and lit,Fine without high winds,Car,Driver or rider,Serious,Male,36,Car,Driver or rider,Slight,Male,63,NO DATA,NO DATA,NO DATA,NO DATA,NO DATA,NO DATA,NO DATA,NO DATA,NO DATA,NO DATA
6C10914,406737,425561,3,12/1/2019,13:5,Unclassified,Dry,Daylight: street lights present,Fine without high winds,Car,Pedestrian,Serious,Male,5,NO DATA,NO DATA,NO DATA,NO DATA,NO DATA,NO DATA,NO DATA,NO DATA,NO DATA,NO DATA,NO DATA,NO DATA,NO DATA,NO DATA,NO DATA
6C41606,412047,425188,3,12/4/2019,18,Unclassified,Dry,Darkness: no street lighting,Fine without high winds,Car,Pedestrian,Slight,Female,55,NO DATA,NO DATA,NO DATA,NO DATA,NO DATA,NO DATA,NO DATA,NO DATA,NO DATA,NO DATA,NO DATA,NO DATA,NO DATA,NO DATA,NO DATA
6C51902,414860,425161,3,12/5/2019,22,A,Dry,Darkness: street lights present and lit,Fine without high winds,Car,Vehicle or pillion passenger,Slight,Female,21,Car,not known,not known,not known,not known,NO DATA,NO DATA,NO DATA,NO DATA,NO DATA,NO DATA,NO DATA,NO DATA,NO DATA,NO DATA
6C60890,409439,425052,3,12/6/2019,13:51,Unclassified,Wet / Damp,Daylight: street lights present,Fine without high winds,Goods vehicle 3.5 tonnes mgw and under,Pedestrian,Slight,Male,49,NO DATA,NO DATA,NO DATA,NO DATA,NO DATA,NO DATA,NO DATA,NO DATA,NO DATA,NO DATA,NO DATA,NO DATA,NO DATA,NO DATA,NO DATA
6C62096,409798,423183,3,12/6/2019,23:12,A,Wet / Damp,Darkness: street lights present and lit,Fine without high winds,Car,Vehicle or pillion passenger,Serious,Male,24,Car,Driver or rider,Slight,Male,20,NO DATA,Driver or rider,Slight,Female,61,NO DATA,NO DATA,NO DATA,NO DATA,NO DATA
6C70250,409146,425207,3,12/7/2019,2:2,Unclassified,Dry,Darkness: street lights present and lit,Fine without high winds,Car,Pedestrian,Slight,Male,37,NO DATA,NO DATA,NO DATA,NO DATA,NO DATA,NO DATA,NO DATA,NO DATA,NO DATA,NO DATA,NO DATA,NO DATA,NO DATA,NO DATA,NO DATA
6C70890,409231,425278,3,12/7/2019,13:29,Unclassified,Dry,Daylight: street lights present,Fine without high winds,Taxi/Private hire car,Pedestrian,Slight,Female,43,NO DATA,NO DATA,NO DATA,NO DATA,NO DATA,NO DATA,NO DATA,NO DATA,NO DATA,NO DATA,NO DATA,NO DATA,NO DATA,NO DATA,NO DATA
6C80680,411414,426787,4,12/8/2019,10:3,A,Dry,Daylight: street lights present,Fine without high winds,Car,Driver or rider,Slight,Male,22,Car,not known,not known,not known,not known,Car,not known,not known,not known,not known,Goods vehicle 3.5 tonnes mgw and under,not known,not known,not known,not known
6C91159,404351,421336,4,12/9/2019,16:3,A,Wet / Damp,Darkness: street lights present and lit,Fine without high winds,Car,Driver or rider,Serious,Female,83,Taxi/Private hire car,not known,not known,not known,not known,NO DATA,NO DATA,NO DATA,NO DATA,NO DATA,NO DATA,NO DATA,NO DATA,NO DATA,NO DATA
6CA1524,408156,427314,4,12/11/2019,18:12,A,Wet / Damp,Darkness: street lights present and lit,Raining with high winds,Car,Vehicle or pillion passenger,Slight,Male,16,Car,not known,not known,not known,not known,NO DATA,NO DATA,NO DATA,NO DATA,NO DATA,NO DATA,NO DATA,NO DATA,NO DATA,NO DATA
6CB1101,409811,425175,4,12/11/2019,15:28,Unclassified,Wet / Damp,Darkness: street lights present and lit,Fine without high winds,Car,Driver or rider,Slight,Male,51,Pedal cycle,not known,not known,not known,not known,NO DATA,NO DATA,NO DATA,NO DATA,NO DATA,NO DATA,NO DATA,NO DATA,NO DATA,NO DATA
6CC0282,408636,424020,4,12/12/2019,7:3,Unclassified,Wet / Damp,Darkness: street lights present and lit,Fine without high winds,Car,Pedestrian,Slight,Female,45,NO DATA,NO DATA,NO DATA,NO DATA,NO DATA,NO DATA,NO DATA,NO DATA,NO DATA,NO DATA,NO DATA,NO DATA,NO DATA,NO DATA,NO DATA
6CC1259,409539,425403,4,12/12/2019,17:13,Unclassified,Snow,Darkness: street lights present and lit,Raining without high winds,Car,Pedestrian,Slight,Female,25,NO DATA,NO DATA,NO DATA,NO DATA,NO DATA,NO DATA,NO DATA,NO DATA,NO DATA,NO DATA,NO DATA,NO DATA,NO DATA,NO DATA,NO DATA
6CG0378,407521,418226,4,12/16/2019,8:58,Unclassified,Wet / Damp,Daylight: street lights present,Fine without high winds,Goods vehicle 3.5 tonnes mgw and under,Driver or rider,Slight,Male,26,Car,not known,not known,not known,not known,NO DATA,NO DATA,NO DATA,NO DATA,NO DATA,NO DATA,NO DATA,NO DATA,NO DATA,NO DATA
6CG1430,409445,424782,4,12/16/2019,17:37,Unclassified,Dry,Darkness: street lights present and lit,Fine without high winds,Taxi/Private hire car,Vehicle or pillion passenger,Slight,Female,38,Car,not known,not known,not known,not known,NO DATA,NO DATA,NO DATA,NO DATA,NO DATA,NO DATA,NO DATA,NO DATA,NO DATA,NO DATA
6CH0293,416786,422488,4,12/17/2019,8:05,Motorway,Dry,Daylight: street lights present,Fine without high winds,Car,Driver or rider,Serious,Male,29,Goods vehicle 7.5 tonnes mgw and over,not known,not known,not known,not known,NO DATA,NO DATA,NO DATA,NO DATA,NO DATA,NO DATA,NO DATA,NO DATA,NO DATA,NO DATA
6CH1278,409089,425369,4,12/18/2019,16,Unclassified,Wet / Damp,Darkness: street lights present and lit,Fine without high winds,Car,Driver or rider,Slight,Male,47,Pedal cycle,not known,not known,not known,not known,NO DATA,NO DATA,NO DATA,NO DATA,NO DATA,NO DATA,NO DATA,NO DATA,NO DATA,NO DATA
6CI1555,407591,425223,4,12/18/2019,16:45,Unclassified,Wet / Damp,Darkness: street lights present and lit,Fine without high winds,Car,Pedestrian,Serious,Female,15,NO DATA,NO DATA,NO DATA,NO DATA,NO DATA,NO DATA,NO DATA,NO DATA,NO DATA,NO DATA,NO DATA,NO DATA,NO DATA,NO DATA,NO DATA
